NodeID,ConnectedNodeID,Distance,Coordinates,Intersection_Name
0,1,217,"(165700.78428732976, 82999.96603807062)","['Valencia St', '18th St']"
0,8,318,"(165700.78428732976, 82999.96603807062)","['Valencia St', '18th St']"
0,243,577,"(165700.78428732976, 82999.96603807062)","['Valencia St', '18th St']"
0,244,241,"(165700.78428732976, 82999.96603807062)","['Valencia St', '18th St']"
1,0,217,"(165917.89048041403, 83014.59888282418)","['Lexington St', '18th St']"
1,2,206,"(165917.89048041403, 83014.59888282418)","['Lexington St', '18th St']"
1,9,313,"(165917.89048041403, 83014.59888282418)","['Lexington St', '18th St']"
1,245,578,"(165917.89048041403, 83014.59888282418)","['Lexington St', '18th St']"
2,1,206,"(166123.72110549733, 83031.77863848954)","['San Carlos St', '18th St']"
2,3,219,"(166123.72110549733, 83031.77863848954)","['San Carlos St', '18th St']"
2,10,317,"(166123.72110549733, 83031.77863848954)","['San Carlos St', '18th St']"
2,246,582,"(166123.72110549733, 83031.77863848954)","['San Carlos St', '18th St']"
3,2,219,"(166342.84993232787, 83048.23628273606)","['Mission St', '18th St']"
3,4,315,"(166342.84993232787, 83048.23628273606)","['Mission St', '18th St']"
3,11,318,"(166342.84993232787, 83048.23628273606)","['Mission St', '18th St']"
3,247,584,"(166342.84993232787, 83048.23628273606)","['Mission St', '18th St']"
4,3,315,"(166657.08650857955, 83076.74475590885)","['Capp St', '18th St']"
4,5,315,"(166657.08650857955, 83076.74475590885)","['Capp St', '18th St']"
4,12,581,"(166657.08650857955, 83076.74475590885)","['Capp St', '18th St']"
4,248,586,"(166657.08650857955, 83076.74475590885)","['Capp St', '18th St']"
5,4,315,"(166971.3247252442, 83099.43040607125)","['S Van Ness Ave', '18th St']"
5,13,584,"(166971.3247252442, 83099.43040607125)","['S Van Ness Ave', '18th St']"
5,14,313,"(166971.3247252442, 83099.43040607125)","['S Van Ness Ave', '18th St']"
5,249,588,"(166971.3247252442, 83099.43040607125)","['S Van Ness Ave', '18th St']"
6,19,301,"(165051.11990424618, 83236.47311098874)","['Guerrero St', 'BORDER']"
6,250,285,"(165051.11990424618, 83236.47311098874)","['Guerrero St', 'BORDER']"
7,17,363,"(165306.97995682806, 83192.84819824249)","['Dearborn St', 'Bird St']"
7,251,224,"(165306.97995682806, 83192.84819824249)","['Dearborn St', 'Bird St']"
7,252,135,"(165306.97995682806, 83192.84819824249)","['Dearborn St', 'Bird St']"
8,0,318,"(165675.53663441166, 83317.86008732021)","['Valencia St', 'Sycamore St']"
8,9,210,"(165675.53663441166, 83317.86008732021)","['Valencia St', 'Sycamore St']"
8,20,130,"(165675.53663441166, 83317.86008732021)","['Valencia St', 'Sycamore St']"
9,1,313,"(165885.7038649954, 83326.30003107339)","['Lexington St', 'Sycamore St']"
9,8,210,"(165885.7038649954, 83326.30003107339)","['Lexington St', 'Sycamore St']"
9,10,213,"(165885.7038649954, 83326.30003107339)","['Lexington St', 'Sycamore St']"
10,2,317,"(166097.89077657834, 83347.85149715841)","['San Carlos St', 'Sycamore St']"
10,9,213,"(166097.89077657834, 83347.85149715841)","['San Carlos St', 'Sycamore St']"
10,11,220,"(166097.89077657834, 83347.85149715841)","['San Carlos St', 'Sycamore St']"
11,3,318,"(166317.3056920804, 83366.13000390679)","['Mission St', 'Sycamore St']"
11,10,220,"(166317.3056920804, 83366.13000390679)","['Mission St', 'Sycamore St']"
11,21,132,"(166317.3056920804, 83366.13000390679)","['Mission St', 'Sycamore St']"
12,4,581,"(166611.79230782762, 83656.09005390853)","['Capp St', '17th St']"
12,13,318,"(166611.79230782762, 83656.09005390853)","['Capp St', '17th St']"
12,32,31,"(166611.79230782762, 83656.09005390853)","['Capp St', '17th St']"
13,5,584,"(166929.4914755784, 83682.41808523983)","['S Van Ness Ave', '17th St']"
13,12,318,"(166929.4914755784, 83682.41808523983)","['S Van Ness Ave', '17th St']"
13,15,319,"(166929.4914755784, 83682.41808523983)","['S Van Ness Ave', '17th St']"
13,34,576,"(166929.4914755784, 83682.41808523983)","['S Van Ness Ave', '17th St']"
14,5,313,"(167284.1174067445, 83120.6626470685)","['18th St', 'Shotwell St']"
14,15,584,"(167284.1174067445, 83120.6626470685)","['18th St', 'Shotwell St']"
15,13,319,"(167247.7700384967, 83704.0158110708)","['Shotwell St', '17th St']"
15,14,584,"(167247.7700384967, 83704.0158110708)","['Shotwell St', '17th St']"
15,16,311,"(167247.7700384967, 83704.0158110708)","['Shotwell St', '17th St']"
15,35,592,"(167247.7700384967, 83704.0158110708)","['Shotwell St', '17th St']"
16,15,311,"(167558.53089991212, 83728.16340057552)","['Folsom St', '17th St']"
16,36,368,"(167558.53089991212, 83728.16340057552)","['Folsom St', '17th St']"
16,37,457,"(167558.53089991212, 83728.16340057552)","['Folsom St', '17th St']"
16,253,586,"(167558.53089991212, 83728.16340057552)","['Folsom St', '17th St']"
17,7,363,"(165268.13751482964, 83553.70836890489)","['Dearborn St', '17th St']"
17,19,238,"(165268.13751482964, 83553.70836890489)","['Dearborn St', '17th St']"
17,26,91,"(165268.13751482964, 83553.70836890489)","['Dearborn St', '17th St']"
18,19,27,"(165003.3362071626, 83536.15427015722)","['Guerrero St', '17th St']"
18,24,279,"(165003.3362071626, 83536.15427015722)","['Guerrero St', '17th St']"
18,254,303,"(165003.3362071626, 83536.15427015722)","['Guerrero St', '17th St']"
18,255,625,"(165003.3362071626, 83536.15427015722)","['Guerrero St', '17th St']"
19,6,301,"(165030.51036541164, 83537.61850607395)","['17th St', 'Guerrero St']"
19,17,238,"(165030.51036541164, 83537.61850607395)","['17th St', 'Guerrero St']"
19,18,27,"(165030.51036541164, 83537.61850607395)","['17th St', 'Guerrero St']"
19,25,289,"(165030.51036541164, 83537.61850607395)","['17th St', 'Guerrero St']"
20,8,130,"(165665.6678877473, 83448.22235940397)","['Valencia St', 'Clarion Aly']"
20,21,643,"(165665.6678877473, 83448.22235940397)","['Valencia St', 'Clarion Aly']"
20,22,136,"(165665.6678877473, 83448.22235940397)","['Valencia St', 'Clarion Aly']"
21,11,132,"(166306.8552536629, 83498.31248231977)","['Mission St', 'Clarion Aly']"
21,20,643,"(166306.8552536629, 83498.31248231977)","['Mission St', 'Clarion Aly']"
21,23,133,"(166306.8552536629, 83498.31248231977)","['Mission St', 'Clarion Aly']"
22,20,136,"(165656.37591157854, 83584.04721898586)","['Valencia St', '17th St']"
22,26,298,"(165656.37591157854, 83584.04721898586)","['Valencia St', '17th St']"
22,28,542,"(165656.37591157854, 83584.04721898586)","['Valencia St', '17th St']"
22,29,378,"(165656.37591157854, 83584.04721898586)","['Valencia St', '17th St']"
23,21,133,"(166299.00618799403, 83631.95263499022)","['Mission St', '17th St']"
23,29,266,"(166299.00618799403, 83631.95263499022)","['Mission St', '17th St']"
23,31,575,"(166299.00618799403, 83631.95263499022)","['Mission St', '17th St']"
23,32,281,"(166299.00618799403, 83631.95263499022)","['Mission St', '17th St']"
24,18,279,"(164981.28802291304, 83815.08612699062)","['Guerrero St', 'BORDER']"
24,39,182,"(164981.28802291304, 83815.08612699062)","['Guerrero St', 'BORDER']"
25,19,289,"(165006.43593849614, 83825.65336307138)","['Guerrero St', 'Camp St']"
25,27,346,"(165006.43593849614, 83825.65336307138)","['Guerrero St', 'Camp St']"
25,40,191,"(165006.43593849614, 83825.65336307138)","['Guerrero St', 'Camp St']"
26,17,91,"(165358.9093149118, 83562.47409940511)","['17th St', 'Albion St']"
26,22,298,"(165358.9093149118, 83562.47409940511)","['17th St', 'Albion St']"
26,27,292,"(165358.9093149118, 83562.47409940511)","['17th St', 'Albion St']"
27,25,346,"(165351.59699358046, 83854.51944707334)","['Albion St', 'Camp St']"
27,26,292,"(165351.59699358046, 83854.51944707334)","['Albion St', 'Camp St']"
27,41,298,"(165351.59699358046, 83854.51944707334)","['Albion St', 'Camp St']"
28,22,542,"(165615.45178082958, 84124.79580940306)","['Valencia St', 'BORDER']"
28,51,43,"(165615.45178082958, 84124.79580940306)","['Valencia St', 'BORDER']"
29,22,378,"(166033.04937082902, 83615.84472757578)","['17th St', 'Hoff St']"
29,23,266,"(166033.04937082902, 83615.84472757578)","['17th St', 'Hoff St']"
29,30,584,"(166033.04937082902, 83615.84472757578)","['17th St', 'Hoff St']"
30,29,584,"(165988.63574574515, 84198.46889040619)","['Hoff St', '16th St']"
30,58,87,"(165988.63574574515, 84198.46889040619)","['Hoff St', '16th St']"
30,60,33,"(165988.63574574515, 84198.46889040619)","['Hoff St', '16th St']"
31,23,575,"(166252.56599216163, 84205.4718291536)","['Mission St', '16th St']"
31,33,282,"(166252.56599216163, 84205.4718291536)","['Mission St', '16th St']"
31,62,49,"(166252.56599216163, 84205.4718291536)","['Mission St', '16th St']"
31,63,12,"(166252.56599216163, 84205.4718291536)","['Mission St', '16th St']"
32,12,31,"(166579.99348691106, 83652.80200273544)","['17th St', 'Capp St']"
32,23,281,"(166579.99348691106, 83652.80200273544)","['17th St', 'Capp St']"
32,33,577,"(166579.99348691106, 83652.80200273544)","['17th St', 'Capp St']"
33,31,282,"(166534.41418174654, 84228.14205940813)","['Capp St', '16th St']"
33,32,577,"(166534.41418174654, 84228.14205940813)","['Capp St', '16th St']"
33,65,21,"(166534.41418174654, 84228.14205940813)","['Capp St', '16th St']"
33,66,29,"(166534.41418174654, 84228.14205940813)","['Capp St', '16th St']"
34,13,576,"(166884.19399399683, 84256.66496823728)","['S Van Ness Ave', '16th St']"
34,66,321,"(166884.19399399683, 84256.66496823728)","['S Van Ness Ave', '16th St']"
34,72,21,"(166884.19399399683, 84256.66496823728)","['S Van Ness Ave', '16th St']"
34,73,38,"(166884.19399399683, 84256.66496823728)","['S Van Ness Ave', '16th St']"
35,15,592,"(167197.25668808073, 84293.91883073747)","['Shotwell St', '16th St']"
35,46,317,"(167197.25668808073, 84293.91883073747)","['Shotwell St', '16th St']"
35,73,280,"(167197.25668808073, 84293.91883073747)","['Shotwell St', '16th St']"
35,75,592,"(167197.25668808073, 84293.91883073747)","['Shotwell St', '16th St']"
36,16,368,"(167530.64184807986, 84095.57933240384)","['Folsom St', 'Enterprise St']"
36,46,221,"(167530.64184807986, 84095.57933240384)","['Folsom St', 'Enterprise St']"
36,256,256,"(167530.64184807986, 84095.57933240384)","['Folsom St', 'Enterprise St']"
37,16,457,"(168012.6694273278, 83775.67577274144)","['17th St', 'BORDER']"
38,56,34,"(165795.5331135802, 84182.38624540716)","['Rondel Pl', '16th St']"
38,58,106,"(165795.5331135802, 84182.38624540716)","['Rondel Pl', '16th St']"
38,257,437,"(165795.5331135802, 84182.38624540716)","['Rondel Pl', '16th St']"
39,24,182,"(164967.93962441385, 83997.156957075)","['Guerrero St', 'BORDER']"
39,42,122,"(164967.93962441385, 83997.156957075)","['Guerrero St', 'BORDER']"
40,25,191,"(164992.21746299416, 84016.46334890276)","['Guerrero St', 'Gaiser Ct']"
40,43,105,"(164992.21746299416, 84016.46334890276)","['Guerrero St', 'Gaiser Ct']"
40,258,115,"(164992.21746299416, 84016.46334890276)","['Guerrero St', 'Gaiser Ct']"
41,27,298,"(165327.5163330771, 84152.38630540669)","['Albion St', '16th St']"
41,50,68,"(165327.5163330771, 84152.38630540669)","['Albion St', '16th St']"
41,53,262,"(165327.5163330771, 84152.38630540669)","['Albion St', '16th St']"
42,39,122,"(164956.0534933284, 84119.14326165617)","['Guerrero St', '16th St']"
42,43,28,"(164956.0534933284, 84119.14326165617)","['Guerrero St', '16th St']"
42,45,122,"(164956.0534933284, 84119.14326165617)","['Guerrero St', '16th St']"
42,48,595,"(164956.0534933284, 84119.14326165617)","['Guerrero St', '16th St']"
43,40,105,"(164984.672202494, 84121.70034315437)","['Guerrero St', '16th St']"
43,42,28,"(164984.672202494, 84121.70034315437)","['Guerrero St', '16th St']"
43,49,594,"(164984.672202494, 84121.70034315437)","['Guerrero St', '16th St']"
43,50,275,"(164984.672202494, 84121.70034315437)","['Guerrero St', '16th St']"
44,78,41,"(164312.50031849742, 84328.3587224856)","['Dolores St', 'No_Name']"
44,79,151,"(164312.50031849742, 84328.3587224856)","['Dolores St', 'No_Name']"
44,259,259,"(164312.50031849742, 84328.3587224856)","['Dolores St', 'No_Name']"
45,42,122,"(164834.06325174496, 84108.54977890849)","['16th St', 'Spencer St']"
45,47,167,"(164834.06325174496, 84108.54977890849)","['16th St', 'Spencer St']"
45,259,501,"(164834.06325174496, 84108.54977890849)","['16th St', 'Spencer St']"
46,35,317,"(167513.79312849417, 84316.61169873923)","['Folsom St', '16th St']"
46,36,221,"(167513.79312849417, 84316.61169873923)","['Folsom St', '16th St']"
46,76,593,"(167513.79312849417, 84316.61169873923)","['Folsom St', '16th St']"
46,77,633,"(167513.79312849417, 84316.61169873923)","['Folsom St', '16th St']"
47,45,167,"(164821.87626824528, 84276.05502132326)","['Spencer St', 'BORDER']"
48,42,595,"(164912.5276617445, 84713.42258490622)","['Guerrero St', '15th St']"
48,49,27,"(164912.5276617445, 84713.42258490622)","['Guerrero St', '15th St']"
48,89,254,"(164912.5276617445, 84713.42258490622)","['Guerrero St', '15th St']"
48,91,353,"(164912.5276617445, 84713.42258490622)","['Guerrero St', '15th St']"
49,43,594,"(164939.70083574578, 84714.52232024074)","['Guerrero St', '15th St']"
49,48,27,"(164939.70083574578, 84714.52232024074)","['Guerrero St', '15th St']"
49,52,273,"(164939.70083574578, 84714.52232024074)","['Guerrero St', '15th St']"
49,92,338,"(164939.70083574578, 84714.52232024074)","['Guerrero St', '15th St']"
50,41,68,"(165259.2940285802, 84147.99655040354)","['16th St', 'Albion St']"
50,43,275,"(165259.2940285802, 84147.99655040354)","['16th St', 'Albion St']"
50,52,592,"(165259.2940285802, 84147.99655040354)","['16th St', 'Albion St']"
51,28,43,"(165611.39174957946, 84168.12839990854)","['Valencia St', '16th St']"
51,53,21,"(165611.39174957946, 84168.12839990854)","['Valencia St', '16th St']"
51,54,299,"(165611.39174957946, 84168.12839990854)","['Valencia St', '16th St']"
51,55,15,"(165611.39174957946, 84168.12839990854)","['Valencia St', '16th St']"
52,49,273,"(165212.5828359127, 84738.2686638236)","['Albion St', '15th St']"
52,50,592,"(165212.5828359127, 84738.2686638236)","['Albion St', '15th St']"
52,93,337,"(165212.5828359127, 84738.2686638236)","['Albion St', '15th St']"
53,41,262,"(165589.7106905803, 84166.66514823586)","['16th St', 'BORDER']"
53,51,21,"(165589.7106905803, 84166.66514823586)","['16th St', 'BORDER']"
54,51,299,"(165587.8862191625, 84467.08777573705)","['Valencia St', 'Sparrow St']"
54,57,149,"(165587.8862191625, 84467.08777573705)","['Valencia St', 'Sparrow St']"
54,82,302,"(165587.8862191625, 84467.08777573705)","['Valencia St', 'Sparrow St']"
55,51,15,"(165627.29099599645, 84169.22551057488)","['16th St', 'BORDER']"
55,56,134,"(165627.29099599645, 84169.22551057488)","['16th St', 'BORDER']"
56,38,34,"(165761.1329199113, 84180.19071173668)","['16th St', 'Caledonia St']"
56,55,134,"(165761.1329199113, 84180.19071173668)","['16th St', 'Caledonia St']"
56,57,301,"(165761.1329199113, 84180.19071173668)","['16th St', 'Caledonia St']"
57,54,149,"(165736.75829674676, 84480.2419489026)","['Caledonia St', 'Sparrow St']"
57,56,301,"(165736.75829674676, 84480.2419489026)","['Caledonia St', 'Sparrow St']"
57,86,297,"(165736.75829674676, 84480.2419489026)","['Caledonia St', 'Sparrow St']"
58,30,87,"(165901.62378066406, 84191.52271007001)","['16th St', 'Julian Ave']"
58,38,106,"(165901.62378066406, 84191.52271007001)","['16th St', 'Julian Ave']"
58,59,595,"(165901.62378066406, 84191.52271007001)","['16th St', 'Julian Ave']"
59,58,595,"(165851.4289991632, 84784.70590690523)","['Julian Ave', '15th St']"
59,61,123,"(165851.4289991632, 84784.70590690523)","['Julian Ave', '15th St']"
59,86,134,"(165851.4289991632, 84784.70590690523)","['Julian Ave', '15th St']"
59,97,585,"(165851.4289991632, 84784.70590690523)","['Julian Ave', '15th St']"
60,30,33,"(166021.590404246, 84201.02826848626)","['16th St', 'Wiese St']"
60,61,594,"(166021.590404246, 84201.02826848626)","['16th St', 'Wiese St']"
60,62,184,"(166021.590404246, 84201.02826848626)","['16th St', 'Wiese St']"
61,59,123,"(165974.57278174534, 84793.48377648741)","['Wiese St', '15th St']"
61,60,594,"(165974.57278174534, 84793.48377648741)","['Wiese St', '15th St']"
61,67,233,"(165974.57278174534, 84793.48377648741)","['Wiese St', '15th St']"
62,31,49,"(166205.73144016042, 84214.92456615716)","['16th St', 'BORDER']"
62,60,184,"(166205.73144016042, 84214.92456615716)","['16th St', 'BORDER']"
62,64,49,"(166205.73144016042, 84214.92456615716)","['16th St', 'BORDER']"
63,31,12,"(166251.69460282847, 84218.21688240767)","['Mission St', 'BORDER']"
63,64,12,"(166251.69460282847, 84218.21688240767)","['Mission St', 'BORDER']"
64,62,49,"(166250.8232134953, 84230.59776315838)","['16th St', 'Mission St']"
64,63,12,"(166250.8232134953, 84230.59776315838)","['16th St', 'Mission St']"
64,67,585,"(166250.8232134953, 84230.59776315838)","['16th St', 'Mission St']"
64,68,61,"(166250.8232134953, 84230.59776315838)","['16th St', 'Mission St']"
65,33,21,"(166532.96142874658, 84249.9904409051)","['Capp St', '16th St']"
65,68,220,"(166532.96142874658, 84249.9904409051)","['Capp St', '16th St']"
65,69,29,"(166532.96142874658, 84249.9904409051)","['Capp St', '16th St']"
66,33,29,"(166564.18872849643, 84231.06528190523)","['16th St', 'Capp St']"
66,34,321,"(166564.18872849643, 84231.06528190523)","['16th St', 'Capp St']"
66,69,21,"(166564.18872849643, 84231.06528190523)","['16th St', 'Capp St']"
67,61,233,"(166207.5614889972, 84814.6786159873)","['Mission St', '15th St']"
67,64,585,"(166207.5614889972, 84814.6786159873)","['Mission St', '15th St']"
67,98,585,"(166207.5614889972, 84814.6786159873)","['Mission St', '15th St']"
67,99,185,"(166207.5614889972, 84814.6786159873)","['Mission St', '15th St']"
68,64,61,"(166312.68595066294, 84234.25917315483)","['16th St', 'BORDER']"
68,65,220,"(166312.68595066294, 84234.25917315483)","['16th St', 'BORDER']"
69,65,29,"(166562.73630357906, 84252.18531840295)","['Capp St', '16th St']"
69,66,21,"(166562.73630357906, 84252.18531840295)","['Capp St', '16th St']"
69,70,203,"(166562.73630357906, 84252.18531840295)","['Capp St', '16th St']"
69,71,270,"(166562.73630357906, 84252.18531840295)","['Capp St', '16th St']"
70,69,203,"(166551.6828479953, 84455.74101365358)","['Capp St', 'Adair St']"
70,74,316,"(166551.6828479953, 84455.74101365358)","['Capp St', 'Adair St']"
70,81,385,"(166551.6828479953, 84455.74101365358)","['Capp St', 'Adair St']"
71,69,270,"(166832.73149849474, 84274.12621940672)","['16th St', 'BORDER']"
71,72,49,"(166832.73149849474, 84274.12621940672)","['16th St', 'BORDER']"
72,34,21,"(166882.45219957829, 84277.78500474244)","['16th St', 'S Van Ness Ave']"
72,71,49,"(166882.45219957829, 84277.78500474244)","['16th St', 'S Van Ness Ave']"
72,73,36,"(166882.45219957829, 84277.78500474244)","['16th St', 'S Van Ness Ave']"
72,74,197,"(166882.45219957829, 84277.78500474244)","['16th St', 'S Van Ness Ave']"
73,34,38,"(166917.43310074508, 84272.33488440514)","['16th St', 'BORDER']"
73,35,280,"(166917.43310074508, 84272.33488440514)","['16th St', 'BORDER']"
73,72,36,"(166917.43310074508, 84272.33488440514)","['16th St', 'BORDER']"
74,70,316,"(166867.35183607787, 84474.42011015862)","['S Van Ness Ave', 'Adair St']"
74,72,197,"(166867.35183607787, 84474.42011015862)","['S Van Ness Ave', 'Adair St']"
74,83,392,"(166867.35183607787, 84474.42011015862)","['S Van Ness Ave', 'Adair St']"
75,35,592,"(167149.6360484138, 84884.91568023711)","['Shotwell St', '15th St']"
75,76,319,"(167149.6360484138, 84884.91568023711)","['Shotwell St', '15th St']"
75,83,315,"(167149.6360484138, 84884.91568023711)","['Shotwell St', '15th St']"
75,106,587,"(167149.6360484138, 84884.91568023711)","['Shotwell St', '15th St']"
76,46,593,"(167468.76697183028, 84907.97304882109)","['Folsom St', '15th St']"
76,75,319,"(167468.76697183028, 84907.97304882109)","['Folsom St', '15th St']"
76,100,630,"(167468.76697183028, 84907.97304882109)","['Folsom St', '15th St']"
76,109,588,"(167468.76697183028, 84907.97304882109)","['Folsom St', '15th St']"
77,46,633,"(168145.7059066631, 84366.37767532468)","['16th St', 'Harrison St']"
77,80,189,"(168145.7059066631, 84366.37767532468)","['16th St', 'Harrison St']"
78,44,41,"(164271.45184416324, 84323.97880998999)","['No_Name', 'BORDER']"
79,44,151,"(164301.18800516054, 84479.47784282267)","['Dolores St', 'Alert Aly']"
79,84,41,"(164301.18800516054, 84479.47784282267)","['Dolores St', 'Alert Aly']"
79,85,189,"(164301.18800516054, 84479.47784282267)","['Dolores St', 'Alert Aly']"
80,77,189,"(168131.46676191315, 84555.00131382048)","['Harrison St', 'Treat Ave']"
80,87,272,"(168131.46676191315, 84555.00131382048)","['Harrison St', 'Treat Ave']"
80,260,130,"(168131.46676191315, 84555.00131382048)","['Harrison St', 'Treat Ave']"
81,70,385,"(166516.8650042452, 84839.54241140187)","['Capp St', '15th St']"
81,99,124,"(166516.8650042452, 84839.54241140187)","['Capp St', '15th St']"
81,103,100,"(166516.8650042452, 84839.54241140187)","['Capp St', '15th St']"
82,54,302,"(165564.38068874553, 84768.2318584919)","['Valencia St', '15th St']"
82,93,15,"(165564.38068874553, 84768.2318584919)","['Valencia St', '15th St']"
82,94,330,"(165564.38068874553, 84768.2318584919)","['Valencia St', '15th St']"
82,95,13,"(165564.38068874553, 84768.2318584919)","['Valencia St', '15th St']"
83,74,392,"(166835.12880341336, 84865.14078540355)","['15th St', 'S Van Ness Ave']"
83,75,315,"(166835.12880341336, 84865.14078540355)","['15th St', 'S Van Ness Ave']"
83,103,219,"(166835.12880341336, 84865.14078540355)","['15th St', 'S Van Ness Ave']"
83,105,581,"(166835.12880341336, 84865.14078540355)","['15th St', 'S Van Ness Ave']"
84,79,41,"(164259.8508174941, 84474.73342973739)","['Alert Aly', 'BORDER']"
85,79,189,"(164286.68672182783, 84668.10344982147)","['Dolores St', '15th St']"
85,88,284,"(164286.68672182783, 84668.10344982147)","['Dolores St', '15th St']"
85,89,373,"(164286.68672182783, 84668.10344982147)","['Dolores St', '15th St']"
85,261,42,"(164286.68672182783, 84668.10344982147)","['Dolores St', '15th St']"
86,57,297,"(165716.72159141302, 84777.0172739923)","['15th St', 'Caledonia St']"
86,59,134,"(165716.72159141302, 84777.0172739923)","['15th St', 'Caledonia St']"
86,95,139,"(165716.72159141302, 84777.0172739923)","['15th St', 'Caledonia St']"
86,96,296,"(165716.72159141302, 84777.0172739923)","['15th St', 'Caledonia St']"
87,80,272,"(168107.36641641334, 84826.64676790684)","['Harrison St', '15th St']"
87,100,136,"(168107.36641641334, 84826.64676790684)","['Harrison St', '15th St']"
87,101,124,"(168107.36641641334, 84826.64676790684)","['Harrison St', '15th St']"
88,85,284,"(164255.97352866083, 84950.67539124191)","['Dolores St', 'Hidalgo Ter']"
88,110,37,"(164255.97352866083, 84950.67539124191)","['Dolores St', 'Hidalgo Ter']"
88,111,297,"(164255.97352866083, 84950.67539124191)","['Dolores St', 'Hidalgo Ter']"
88,262,221,"(164255.97352866083, 84950.67539124191)","['Dolores St', 'Hidalgo Ter']"
89,48,254,"(164659.0120926611, 84693.32584032416)","['15th St', 'Ramona Ave']"
89,85,373,"(164659.0120926611, 84693.32584032416)","['15th St', 'Ramona Ave']"
89,90,588,"(164659.0120926611, 84693.32584032416)","['15th St', 'Ramona Ave']"
90,89,588,"(164604.5112174116, 85279.59140007198)","['Ramona Ave', '14th St']"
90,114,257,"(164604.5112174116, 85279.59140007198)","['Ramona Ave', '14th St']"
90,116,64,"(164604.5112174116, 85279.59140007198)","['Ramona Ave', '14th St']"
91,48,353,"(164881.50016474724, 85065.91039698571)","['Guerrero St', 'BORDER']"
91,114,234,"(164881.50016474724, 85065.91039698571)","['Guerrero St', 'BORDER']"
92,49,338,"(164908.0988648273, 85051.35169906914)","['Guerrero St', 'Rosa Parks Ln']"
92,107,167,"(164908.0988648273, 85051.35169906914)","['Guerrero St', 'Rosa Parks Ln']"
92,113,250,"(164908.0988648273, 85051.35169906914)","['Guerrero St', 'Rosa Parks Ln']"
93,52,337,"(165548.48209849373, 84766.77057532221)","['15th St', 'BORDER']"
93,82,15,"(165548.48209849373, 84766.77057532221)","['15th St', 'BORDER']"
94,82,330,"(165537.6878287457, 85097.41459906846)","['Valencia St', 'Rosa Parks Ln']"
94,108,136,"(165537.6878287457, 85097.41459906846)","['Valencia St', 'Rosa Parks Ln']"
94,115,251,"(165537.6878287457, 85097.41459906846)","['Valencia St', 'Rosa Parks Ln']"
95,82,13,"(165577.96694766358, 84769.3283129856)","['15th St', 'BORDER']"
95,86,139,"(165577.96694766358, 84769.3283129856)","['15th St', 'BORDER']"
96,86,296,"(165685.70098416135, 85071.60461132228)","['Caledonia St', 'BORDER']"
97,59,585,"(165801.52850841358, 85367.6932579875)","['Julian Ave', '14th St']"
97,123,44,"(165801.52850841358, 85367.6932579875)","['Julian Ave', '14th St']"
97,125,126,"(165801.52850841358, 85367.6932579875)","['Julian Ave', '14th St']"
98,67,585,"(166159.6767422445, 85398.03013957292)","['Mission St', '14th St']"
98,102,212,"(166159.6767422445, 85398.03013957292)","['Mission St', '14th St']"
98,125,232,"(166159.6767422445, 85398.03013957292)","['Mission St', '14th St']"
98,127,278,"(166159.6767422445, 85398.03013957292)","['Mission St', '14th St']"
99,67,185,"(166392.56505599618, 84830.76158907264)","['15th St', 'Minna St']"
99,81,124,"(166392.56505599618, 84830.76158907264)","['15th St', 'Minna St']"
99,102,585,"(166392.56505599618, 84830.76158907264)","['15th St', 'Minna St']"
100,76,630,"(168097.19550499693, 84962.47064323723)","['Harrison St', '15th St']"
100,87,136,"(168097.19550499693, 84962.47064323723)","['Harrison St', '15th St']"
100,112,338,"(168097.19550499693, 84962.47064323723)","['Harrison St', '15th St']"
101,87,124,"(168230.21656441316, 84844.90296498686)","['15th St', 'BORDER']"
102,98,212,"(166370.98110966384, 85415.94184915721)","['Minna St', '14th St']"
102,99,585,"(166370.98110966384, 85415.94184915721)","['Minna St', '14th St']"
102,104,205,"(166370.98110966384, 85415.94184915721)","['Minna St', '14th St']"
103,81,100,"(166616.3034536615, 84850.13589415699)","['15th St', 'Natoma St']"
103,83,219,"(166616.3034536615, 84850.13589415699)","['15th St', 'Natoma St']"
103,104,580,"(166616.3034536615, 84850.13589415699)","['15th St', 'Natoma St']"
104,102,205,"(166575.63818066195, 85429.48348873854)","['Natoma St', '14th St']"
104,103,580,"(166575.63818066195, 85429.48348873854)","['Natoma St', '14th St']"
104,105,215,"(166575.63818066195, 85429.48348873854)","['Natoma St', '14th St']"
105,83,581,"(166790.12233174592, 85445.21508457512)","['S Van Ness Ave', '14th St']"
105,104,215,"(166790.12233174592, 85445.21508457512)","['S Van Ness Ave', '14th St']"
105,106,318,"(166790.12233174592, 85445.21508457512)","['S Van Ness Ave', '14th St']"
105,128,235,"(166790.12233174592, 85445.21508457512)","['S Van Ness Ave', '14th St']"
106,75,587,"(167107.80083024502, 85470.45256690681)","['Shotwell St', '14th St']"
106,105,318,"(167107.80083024502, 85470.45256690681)","['Shotwell St', '14th St']"
106,109,310,"(167107.80083024502, 85470.45256690681)","['Shotwell St', '14th St']"
107,92,167,"(165075.18022358045, 85062.68665015697)","['Maxwell Ct', 'Rosa Parks Ln']"
107,108,629,"(165075.18022358045, 85062.68665015697)","['Maxwell Ct', 'Rosa Parks Ln']"
108,94,136,"(165402.11592141166, 85085.35753656924)","['Rosa Parks Ln', 'Maxwell Ct']"
108,107,327,"(165402.11592141166, 85085.35753656924)","['Rosa Parks Ln', 'Maxwell Ct']"
109,76,588,"(167417.67455432937, 85493.87017098814)","['Folsom St', '14th St']"
109,106,310,"(167417.67455432937, 85493.87017098814)","['Folsom St', '14th St']"
109,129,297,"(167417.67455432937, 85493.87017098814)","['Folsom St', '14th St']"
109,130,315,"(167417.67455432937, 85493.87017098814)","['Folsom St', '14th St']"
110,88,37,"(164218.39519174397, 84945.93196240813)","['Hidalgo Ter', 'BORDER']"
111,88,297,"(164236.82067982852, 85247.45202865452)","['Dolores St', '14th St']"
111,116,304,"(164236.82067982852, 85247.45202865452)","['Dolores St', '14th St']"
112,100,338,"(168071.62468999624, 85300.02672665566)","['Harrison St', 'Alameda St']"
112,118,245,"(168071.62468999624, 85300.02672665566)","['Harrison St', 'Alameda St']"
112,119,270,"(168071.62468999624, 85300.02672665566)","['Harrison St', 'Alameda St']"
113,92,250,"(164890.68584191054, 85301.5172092393)","['Guerrero St', '14th St']"
113,114,29,"(164890.68584191054, 85301.5172092393)","['Guerrero St', '14th St']"
113,115,626,"(164890.68584191054, 85301.5172092393)","['Guerrero St', '14th St']"
113,121,224,"(164890.68584191054, 85301.5172092393)","['Guerrero St', '14th St']"
114,90,257,"(164861.20099274442, 85299.68847274035)","['14th St', 'Guerrero St']"
114,91,234,"(164861.20099274442, 85299.68847274035)","['14th St', 'Guerrero St']"
114,113,29,"(164861.20099274442, 85299.68847274035)","['14th St', 'Guerrero St']"
114,120,224,"(164861.20099274442, 85299.68847274035)","['14th St', 'Guerrero St']"
115,94,251,"(165515.93262291327, 85348.3068138212)","['Valencia St', '14th St']"
115,113,626,"(165515.93262291327, 85348.3068138212)","['Valencia St', '14th St']"
115,122,216,"(165515.93262291327, 85348.3068138212)","['Valencia St', '14th St']"
115,123,241,"(165515.93262291327, 85348.3068138212)","['Valencia St', '14th St']"
116,90,64,"(164540.3394297473, 85272.29154590517)","['14th St', 'Rosemont Pl']"
116,111,304,"(164540.3394297473, 85272.29154590517)","['14th St', 'Rosemont Pl']"
116,117,294,"(164540.3394297473, 85272.29154590517)","['14th St', 'Rosemont Pl']"
117,116,294,"(164518.87162491307, 85566.1544752419)","['Rosemont Pl', 'BORDER']"
118,112,245,"(168048.4036078304, 85543.99769540876)","['Harrison St', '14th St']"
118,130,316,"(168048.4036078304, 85543.99769540876)","['Harrison St', '14th St']"
119,112,270,"(168339.28950899467, 85337.64016848803)","['Alameda St', 'BORDER']"
120,114,224,"(164845.5300923288, 85524.00003198534)","['Guerrero St', 'BORDER']"
120,132,174,"(164845.5300923288, 85524.00003198534)","['Guerrero St', 'BORDER']"
121,113,224,"(164872.4132406637, 85525.09976731986)","['Guerrero St', 'Brosnan St']"
121,122,629,"(164872.4132406637, 85525.09976731986)","['Guerrero St', 'Brosnan St']"
121,133,174,"(164872.4132406637, 85525.09976731986)","['Guerrero St', 'Brosnan St']"
122,115,216,"(165500.8368525803, 85564.60690615326)","['Valencia St', 'Brosnan St']"
122,121,629,"(165500.8368525803, 85564.60690615326)","['Valencia St', 'Brosnan St']"
122,134,187,"(165500.8368525803, 85564.60690615326)","['Valencia St', 'Brosnan St']"
123,97,44,"(165756.7228237465, 85366.95113348961)","['14th St', 'Stevenson St']"
123,115,241,"(165756.7228237465, 85366.95113348961)","['14th St', 'Stevenson St']"
123,124,404,"(165756.7228237465, 85366.95113348961)","['14th St', 'Stevenson St']"
124,123,404,"(165729.13790516183, 85770.41981473565)","['Stevenson St', 'Clinton Park']"
124,134,243,"(165729.13790516183, 85770.41981473565)","['Stevenson St', 'Clinton Park']"
125,97,126,"(165927.84879383072, 85379.02099123597)","['14th St', 'Woodward St']"
125,98,232,"(165927.84879383072, 85379.02099123597)","['14th St', 'Woodward St']"
125,126,624,"(165927.84879383072, 85379.02099123597)","['14th St', 'Woodward St']"
126,125,624,"(165880.8255939111, 86002.0653488189)","['Woodward St', 'Duboce Ave']"
126,187,66,"(165880.8255939111, 86002.0653488189)","['Woodward St', 'Duboce Ave']"
126,192,132,"(165880.8255939111, 86002.0653488189)","['Woodward St', 'Duboce Ave']"
127,98,278,"(166136.462549828, 85675.50432215631)","['Mission St', 'Erie St']"
127,137,10,"(166136.462549828, 85675.50432215631)","['Mission St', 'Erie St']"
127,138,241,"(166136.462549828, 85675.50432215631)","['Mission St', 'Erie St']"
128,105,235,"(166780.2132308297, 85680.08764632046)","['S Van Ness Ave', 'BORDER']"
128,139,53,"(166780.2132308297, 85680.08764632046)","['S Van Ness Ave', 'BORDER']"
128,140,52,"(166780.2132308297, 85680.08764632046)","['S Van Ness Ave', 'BORDER']"
129,109,297,"(167421.32316907868, 85791.01721449196)","['Folsom St', 'Erie St', 'No_Name']"
129,140,629,"(167421.32316907868, 85791.01721449196)","['Folsom St', 'Erie St', 'No_Name']"
129,149,84,"(167421.32316907868, 85791.01721449196)","['Folsom St', 'Erie St', 'No_Name']"
129,150,44,"(167421.32316907868, 85791.01721449196)","['Folsom St', 'Erie St', 'No_Name']"
130,109,315,"(167732.75135199726, 85516.20083498955)","['14th St', 'Trainor St']"
130,118,316,"(167732.75135199726, 85516.20083498955)","['14th St', 'Trainor St']"
130,131,305,"(167732.75135199726, 85516.20083498955)","['14th St', 'Trainor St']"
131,130,305,"(167743.0420138277, 85820.99746949226)","['Trainor St', '13th St']"
131,152,88,"(167743.0420138277, 85820.99746949226)","['Trainor St', '13th St']"
131,153,104,"(167743.0420138277, 85820.99746949226)","['Trainor St', '13th St']"
132,120,174,"(164831.6075479947, 85697.69555073977)","['Guerrero St', 'Clinton Park']"
132,143,209,"(164831.6075479947, 85697.69555073977)","['Guerrero St', 'Clinton Park']"
132,263,625,"(164831.6075479947, 85697.69555073977)","['Guerrero St', 'Clinton Park']"
133,121,174,"(164859.06877916306, 85698.79528607428)","['Guerrero St', 'Clinton Park']"
133,134,629,"(164859.06877916306, 85698.79528607428)","['Guerrero St', 'Clinton Park']"
133,144,209,"(164859.06877916306, 85698.79528607428)","['Guerrero St', 'Clinton Park']"
134,122,187,"(165486.0389819108, 85751.41099449247)","['Clinton Park', 'Valencia St']"
134,124,243,"(165486.0389819108, 85751.41099449247)","['Clinton Park', 'Valencia St']"
134,133,629,"(165486.0389819108, 85751.41099449247)","['Clinton Park', 'Valencia St']"
134,148,217,"(165486.0389819108, 85751.41099449247)","['Clinton Park', 'Valencia St']"
135,136,1201,"(167052.44661024585, 85872.08923082054)","['No_Name', '13th St', 'US-101 SB']"
135,149,306,"(167052.44661024585, 85872.08923082054)","['No_Name', '13th St', 'US-101 SB']"
135,151,378,"(167052.44661024585, 85872.08923082054)","['No_Name', '13th St', 'US-101 SB']"
135,157,1280,"(167052.44661024585, 85872.08923082054)","['No_Name', '13th St', 'US-101 SB']"
135,158,122,"(167052.44661024585, 85872.08923082054)","['No_Name', '13th St', 'US-101 SB']"
136,135,1201,"(166751.8605972454, 85749.99465873837)","['No_Name', 'BORDER']"
136,146,141,"(166751.8605972454, 85749.99465873837)","['No_Name', 'BORDER']"
136,147,232,"(166751.8605972454, 85749.99465873837)","['No_Name', 'BORDER']"
137,127,10,"(166135.8811861612, 85685.70016790181)","['Mission St', 'BORDER']"
137,141,260,"(166135.8811861612, 85685.70016790181)","['Mission St', 'BORDER']"
137,142,252,"(166135.8811861612, 85685.70016790181)","['Mission St', 'BORDER']"
138,127,241,"(166376.9591160789, 85697.0672711581)","['Erie St', 'BORDER']"
139,128,53,"(166770.94553282857, 85731.06556273997)","['S Van Ness Ave', 'BORDER']"
139,146,157,"(166770.94553282857, 85731.06556273997)","['S Van Ness Ave', 'BORDER']"
140,128,52,"(166795.8060474135, 85728.88905790448)","['Erie St', 'S Van Ness Ave']"
140,129,629,"(166795.8060474135, 85728.88905790448)","['Erie St', 'S Van Ness Ave']"
140,145,147,"(166795.8060474135, 85728.88905790448)","['Erie St', 'S Van Ness Ave']"
141,137,260,"(166104.58006766066, 85941.6871887371)","['Mission St', 'BORDER']"
141,183,61,"(166104.58006766066, 85941.6871887371)","['Mission St', 'BORDER']"
142,137,252,"(166162.6842821613, 85935.15111257136)","['Mission St', 'BORDER']"
142,179,66,"(166162.6842821613, 85935.15111257136)","['Mission St', 'BORDER']"
143,132,209,"(164815.3631579131, 85906.71252115816)","['Guerrero St', 'Duboce Ave']"
143,144,28,"(164815.3631579131, 85906.71252115816)","['Guerrero St', 'Duboce Ave']"
143,164,170,"(164815.3631579131, 85906.71252115816)","['Guerrero St', 'Duboce Ave']"
143,171,23,"(164815.3631579131, 85906.71252115816)","['Guerrero St', 'Duboce Ave']"
144,133,209,"(164843.69118524715, 85908.17708515376)","['Guerrero St', 'Duboce Ave']"
144,143,28,"(164843.69118524715, 85908.17708515376)","['Guerrero St', 'Duboce Ave']"
144,172,23,"(164843.69118524715, 85908.17708515376)","['Guerrero St', 'Duboce Ave']"
144,173,57,"(164843.69118524715, 85908.17708515376)","['Guerrero St', 'Duboce Ave']"
145,140,147,"(166807.3181634955, 85876.00949857384)","['S Van Ness Ave', 'BORDER']"
145,159,14,"(166807.3181634955, 85876.00949857384)","['S Van Ness Ave', 'BORDER']"
146,136,141,"(166778.9852149114, 85888.74470932037)","['No_Name', 'S Van Ness Ave']"
146,139,157,"(166778.9852149114, 85888.74470932037)","['No_Name', 'S Van Ness Ave']"
146,161,14,"(166778.9852149114, 85888.74470932037)","['No_Name', 'S Van Ness Ave']"
147,136,232,"(166643.97761091217, 85931.66850798577)","['No_Name', '13th St']"
147,161,138,"(166643.97761091217, 85931.66850798577)","['No_Name', '13th St']"
147,179,481,"(166643.97761091217, 85931.66850798577)","['No_Name', '13th St']"
148,134,217,"(165468.3421669118, 85967.7104306519)","['Valencia St', 'Duboce Ave']"
148,182,224,"(165468.3421669118, 85967.7104306519)","['Valencia St', 'Duboce Ave']"
148,185,467,"(165468.3421669118, 85967.7104306519)","['Valencia St', 'Duboce Ave']"
148,186,228,"(165468.3421669118, 85967.7104306519)","['Valencia St', 'Duboce Ave']"
149,129,84,"(167356.55492591113, 85839.42525415868)","['13th St', 'No_Name']"
149,135,306,"(167356.55492591113, 85839.42525415868)","['13th St', 'No_Name']"
149,150,71,"(167356.55492591113, 85839.42525415868)","['13th St', 'No_Name']"
150,129,44,"(167427.95537366346, 85835.08175890893)","['13th St', 'Folsom St']"
150,149,71,"(167427.95537366346, 85835.08175890893)","['13th St', 'Folsom St']"
150,153,211,"(167427.95537366346, 85835.08175890893)","['13th St', 'Folsom St']"
150,154,77,"(167427.95537366346, 85835.08175890893)","['13th St', 'Folsom St']"
151,135,378,"(167430.55084091052, 85852.1975383237)","['US-101 SB', 'BORDER']"
151,264,1169,"(167430.55084091052, 85852.1975383237)","['US-101 SB', 'BORDER']"
152,131,88,"(167831.20850416273, 85817.38953707367)","['13th St', 'BORDER']"
152,265,86,"(167831.20850416273, 85817.38953707367)","['13th St', 'BORDER']"
153,131,104,"(167638.97758941352, 85823.87147948891)","['13th St', 'BORDER']"
153,150,211,"(167638.97758941352, 85823.87147948891)","['13th St', 'BORDER']"
154,150,77,"(167439.20075799525, 85911.55699965358)","['Folsom St', '13th St']"
154,174,60,"(167439.20075799525, 85911.55699965358)","['Folsom St', '13th St']"
154,175,468,"(167439.20075799525, 85911.55699965358)","['Folsom St', '13th St']"
154,266,223,"(167439.20075799525, 85911.55699965358)","['Folsom St', '13th St']"
155,156,641,"(168077.1827497445, 85870.28641290218)","['US-101 NB', 'BORDER']"
156,155,641,"(167436.0281921625, 85892.62002965808)","['US-101 NB', 'BORDER']"
156,163,165,"(167436.0281921625, 85892.62002965808)","['US-101 NB', 'BORDER']"
157,135,1280,"(165788.59710383043, 86058.48026224226)","['No_Name', 'BORDER']"
157,202,902,"(165788.59710383043, 86058.48026224226)","['No_Name', 'BORDER']"
158,135,122,"(166930.456696745, 85884.79163324088)","['13th St', 'BORDER']"
158,160,120,"(166930.456696745, 85884.79163324088)","['13th St', 'BORDER']"
159,145,14,"(166809.33653216064, 85890.5760704875)","['S Van Ness Ave', 'BORDER']"
159,160,8,"(166809.33653216064, 85890.5760704875)","['S Van Ness Ave', 'BORDER']"
160,158,120,"(166810.77878649533, 85899.316210486)","['13th St', 'S Van Ness Ave']"
160,159,8,"(166810.77878649533, 85899.316210486)","['13th St', 'S Van Ness Ave']"
160,161,31,"(166810.77878649533, 85899.316210486)","['13th St', 'S Van Ness Ave']"
160,165,112,"(166810.77878649533, 85899.316210486)","['13th St', 'S Van Ness Ave']"
161,146,14,"(166779.5583764948, 85903.67512565851)","['13th St', 'S Van Ness Ave']"
161,147,138,"(166779.5583764948, 85903.67512565851)","['13th St', 'S Van Ness Ave']"
161,160,31,"(166779.5583764948, 85903.67512565851)","['13th St', 'S Van Ness Ave']"
161,168,104,"(166779.5583764948, 85903.67512565851)","['13th St', 'S Van Ness Ave']"
162,164,24,"(164623.13585207984, 85905.2046501562)","['Duboce Ave', 'No_Name']"
162,267,234,"(164623.13585207984, 85905.2046501562)","['Duboce Ave', 'No_Name']"
162,268,214,"(164623.13585207984, 85905.2046501562)","['Duboce Ave', 'No_Name']"
163,156,165,"(167271.54525341094, 85906.76206173748)","['US-101 NB', 'No_Name']"
163,165,455,"(167271.54525341094, 85906.76206173748)","['US-101 NB', 'No_Name']"
163,170,1469,"(167271.54525341094, 85906.76206173748)","['US-101 NB', 'No_Name']"
164,143,170,"(164647.41664341092, 85907.39591874182)","['Duboce Ave', 'BORDER']"
164,162,24,"(164647.41664341092, 85907.39591874182)","['Duboce Ave', 'BORDER']"
164,171,170,"(164647.41664341092, 85907.39591874182)","['Duboce Ave', 'BORDER']"
165,160,112,"(166828.0845261626, 86010.02333815396)","['S Van Ness Ave', 'No_Name', '13th St']"
165,163,455,"(166828.0845261626, 86010.02333815396)","['S Van Ness Ave', 'No_Name', '13th St']"
165,168,38,"(166828.0845261626, 86010.02333815396)","['S Van Ness Ave', 'No_Name', '13th St']"
165,176,147,"(166828.0845261626, 86010.02333815396)","['S Van Ness Ave', 'No_Name', '13th St']"
165,197,393,"(166828.0845261626, 86010.02333815396)","['S Van Ness Ave', 'No_Name', '13th St']"
165,198,70,"(166828.0845261626, 86010.02333815396)","['S Van Ness Ave', 'No_Name', '13th St']"
166,167,89,"(167860.6612011604, 85900.79094507545)","['13th St', 'BORDER']"
167,166,89,"(167771.05015991256, 85903.30603190511)","['13th St', 'BORDER']"
167,266,108,"(167771.05015991256, 85903.30603190511)","['13th St', 'BORDER']"
168,161,104,"(166789.92876257747, 86007.82550790906)","['S Van Ness Ave', '13th St']"
168,165,38,"(166789.92876257747, 86007.82550790906)","['S Van Ness Ave', '13th St']"
168,194,17,"(166789.92876257747, 86007.82550790906)","['S Van Ness Ave', '13th St']"
168,195,179,"(166789.92876257747, 86007.82550790906)","['S Van Ness Ave', '13th St']"
169,266,364,"(167792.02124657854, 86246.34241931885)","['Isis St', 'BORDER']"
170,163,1469,"(165816.04882057756, 86089.07698582113)","['No_Name', 'BORDER']"
170,269,458,"(165816.04882057756, 86089.07698582113)","['No_Name', 'BORDER']"
171,143,23,"(164813.33363441378, 85929.65342015773)","['Duboce Ave', 'Guerrero St']"
171,164,170,"(164813.33363441378, 85929.65342015773)","['Duboce Ave', 'Guerrero St']"
171,172,28,"(164813.33363441378, 85929.65342015773)","['Duboce Ave', 'Guerrero St']"
171,178,122,"(164813.33363441378, 85929.65342015773)","['Duboce Ave', 'Guerrero St']"
172,144,23,"(164841.37229224667, 85931.84600107372)","['Guerrero St', 'Duboce Ave']"
172,171,28,"(164841.37229224667, 85931.84600107372)","['Guerrero St', 'Duboce Ave']"
172,173,55,"(164841.37229224667, 85931.84600107372)","['Guerrero St', 'Duboce Ave']"
172,180,122,"(164841.37229224667, 85931.84600107372)","['Guerrero St', 'Duboce Ave']"
173,144,57,"(164895.42894266173, 85925.67016040534)","['Duboce Ave', 'BORDER']"
173,172,55,"(164895.42894266173, 85925.67016040534)","['Duboce Ave', 'BORDER']"
173,177,155,"(164895.42894266173, 85925.67016040534)","['Duboce Ave', 'BORDER']"
174,154,60,"(167379.3622949943, 85918.08979498595)","['13th St', 'BORDER']"
174,176,411,"(167379.3622949943, 85918.08979498595)","['13th St', 'BORDER']"
175,154,468,"(167599.75686733052, 86349.3241687417)","['Folsom St', 'BORDER']"
176,165,147,"(166974.93462616205, 85993.32356840372)","['13th St', 'BORDER']"
176,174,411,"(166974.93462616205, 85993.32356840372)","['13th St', 'BORDER']"
177,173,155,"(165050.07430266216, 85940.64322756976)","['Duboce Ave', 'Pearl St']"
177,181,324,"(165050.07430266216, 85940.64322756976)","['Duboce Ave', 'Pearl St']"
177,182,194,"(165050.07430266216, 85940.64322756976)","['Duboce Ave', 'Pearl St']"
178,171,122,"(164804.3395579122, 86052.00520957261)","['Guerrero St', 'BORDER']"
178,201,26,"(164804.3395579122, 86052.00520957261)","['Guerrero St', 'BORDER']"
179,142,66,"(166167.57698891312, 86001.06371040642)","['13th St', 'Mission St', 'Duboce Ave']"
179,147,481,"(166167.57698891312, 86001.06371040642)","['13th St', 'Mission St', 'Duboce Ave']"
179,183,67,"(166167.57698891312, 86001.06371040642)","['13th St', 'Mission St', 'Duboce Ave']"
179,191,68,"(166167.57698891312, 86001.06371040642)","['13th St', 'Mission St', 'Duboce Ave']"
180,172,122,"(164831.22172199562, 86054.19746240228)","['Guerrero St', 'No_Name']"
180,201,27,"(164831.22172199562, 86054.19746240228)","['Guerrero St', 'No_Name']"
180,270,292,"(164831.22172199562, 86054.19746240228)","['Guerrero St', 'No_Name']"
181,177,324,"(165022.8118899949, 86264.36436490715)","['Pearl St', 'Pink Aly']"
181,217,235,"(165022.8118899949, 86264.36436490715)","['Pearl St', 'Pink Aly']"
181,271,103,"(165022.8118899949, 86264.36436490715)","['Pearl St', 'Pink Aly']"
182,148,224,"(165244.32063332945, 85956.72095131874)","['Duboce Ave', 'Elgin Park']"
182,177,194,"(165244.32063332945, 85956.72095131874)","['Duboce Ave', 'Elgin Park']"
182,184,569,"(165244.32063332945, 85956.72095131874)","['Duboce Ave', 'Elgin Park']"
183,141,61,"(166100.51380283013, 86003.22709190845)","['Duboce Ave', 'Mission St']"
183,179,67,"(166100.51380283013, 86003.22709190845)","['Duboce Ave', 'Mission St']"
183,192,87,"(166100.51380283013, 86003.22709190845)","['Duboce Ave', 'Mission St']"
183,193,65,"(166100.51380283013, 86003.22709190845)","['Duboce Ave', 'Mission St']"
184,182,569,"(165203.40043957904, 86525.14599557221)","['Elgin Park', 'BORDER']"
185,148,467,"(165436.69688899443, 86434.54053373635)","['Valencia St', 'BORDER']"
185,230,173,"(165436.69688899443, 86434.54053373635)","['Valencia St', 'BORDER']"
185,231,173,"(165436.69688899443, 86434.54053373635)","['Valencia St', 'BORDER']"
186,148,228,"(165695.83022899553, 85984.52962274104)","['Duboce Ave', 'Stevenson St']"
186,188,14,"(165695.83022899553, 85984.52962274104)","['Duboce Ave', 'Stevenson St']"
186,189,157,"(165695.83022899553, 85984.52962274104)","['Duboce Ave', 'Stevenson St']"
187,126,66,"(165814.92152624577, 85994.76221381873)","['Duboce Ave', 'BORDER']"
187,188,106,"(165814.92152624577, 85994.76221381873)","['Duboce Ave', 'BORDER']"
188,186,14,"(165709.99358649552, 85987.0827672407)","['Duboce Ave', 'BORDER']"
188,187,106,"(165709.99358649552, 85987.0827672407)","['Duboce Ave', 'BORDER']"
188,190,114,"(165709.99358649552, 85987.0827672407)","['Duboce Ave', 'BORDER']"
189,186,157,"(165679.01727049425, 86141.47287840396)","['Stevenson St', 'BORDER']"
189,213,36,"(165679.01727049425, 86141.47287840396)","['Stevenson St', 'BORDER']"
190,188,114,"(165812.01897299662, 86032.99704548717)","['Duboce Ave', 'BORDER']"
190,199,72,"(165812.01897299662, 86032.99704548717)","['Duboce Ave', 'BORDER']"
191,179,68,"(166178.82893491164, 86068.7991392389)","['Mission St', '13th St', 'Duboce Ave']"
191,193,81,"(166178.82893491164, 86068.7991392389)","['Mission St', '13th St', 'Duboce Ave']"
191,196,473,"(166178.82893491164, 86068.7991392389)","['Mission St', '13th St', 'Duboce Ave']"
191,205,26,"(166178.82893491164, 86068.7991392389)","['Mission St', '13th St', 'Duboce Ave']"
192,126,132,"(166013.2164052464, 86003.92754982412)","['Duboce Ave', 'BORDER']"
192,183,87,"(166013.2164052464, 86003.92754982412)","['Duboce Ave', 'BORDER']"
193,183,65,"(166097.60239132866, 86068.40872006863)","['Mission St', 'Duboce Ave', 'Otis St']"
193,191,81,"(166097.60239132866, 86068.40872006863)","['Mission St', 'Duboce Ave', 'Otis St']"
193,203,45,"(166097.60239132866, 86068.40872006863)","['Mission St', 'Duboce Ave', 'Otis St']"
193,204,12,"(166097.60239132866, 86068.40872006863)","['Mission St', 'Duboce Ave', 'Otis St']"
194,168,17,"(166772.29592382908, 86008.18344682455)","['13th St', 'No_Name']"
194,195,177,"(166772.29592382908, 86008.18344682455)","['13th St', 'No_Name']"
194,196,123,"(166772.29592382908, 86008.18344682455)","['13th St', 'No_Name']"
195,168,179,"(166799.40774624422, 86182.62043390423)","['S Van Ness Ave', 'No_Name']"
195,194,177,"(166799.40774624422, 86182.62043390423)","['S Van Ness Ave', 'No_Name']"
195,215,10,"(166799.40774624422, 86182.62043390423)","['S Van Ness Ave', 'No_Name']"
196,191,473,"(166649.43954224512, 86020.88683348894)","['13th St', 'BORDER']"
196,194,123,"(166649.43954224512, 86020.88683348894)","['13th St', 'BORDER']"
197,165,393,"(166441.00393549725, 86083.45068474114)","['No_Name', 'BORDER']"
197,205,259,"(166441.00393549725, 86083.45068474114)","['No_Name', 'BORDER']"
197,208,383,"(166441.00393549725, 86083.45068474114)","['No_Name', 'BORDER']"
198,165,70,"(166841.06809599698, 86079.58028565347)","['S Van Ness Ave', 'BORDER']"
198,206,10,"(166841.06809599698, 86079.58028565347)","['S Van Ness Ave', 'BORDER']"
199,190,72,"(165882.83477624506, 86048.67713224143)","['Duboce Ave', 'BORDER']"
199,200,74,"(165882.83477624506, 86048.67713224143)","['Duboce Ave', 'BORDER']"
200,199,74,"(165956.5419779122, 86061.08130690455)","['Duboce Ave', 'BORDER']"
200,272,36,"(165956.5419779122, 86061.08130690455)","['Duboce Ave', 'BORDER']"
201,178,26,"(164814.45010199398, 86076.04190690815)","['Guerrero St', 'BORDER']"
201,180,27,"(164814.45010199398, 86076.04190690815)","['Guerrero St', 'BORDER']"
201,273,208,"(164814.45010199398, 86076.04190690815)","['Guerrero St', 'BORDER']"
202,157,902,"(165170.9835096635, 86674.43801981956)","['No_Name', 'BORDER']"
203,193,45,"(166052.50799332932, 86070.21514690667)","['Duboce Ave', 'No_Name']"
203,204,45,"(166052.50799332932, 86070.21514690667)","['Duboce Ave', 'No_Name']"
203,272,59,"(166052.50799332932, 86070.21514690667)","['Duboce Ave', 'No_Name']"
204,193,12,"(166097.02037149668, 86080.78960081935)","['Otis St', 'No_Name']"
204,203,45,"(166097.02037149668, 86080.78960081935)","['Otis St', 'No_Name']"
204,205,87,"(166097.02037149668, 86080.78960081935)","['Otis St', 'No_Name']"
204,207,251,"(166097.02037149668, 86080.78960081935)","['Otis St', 'No_Name']"
205,191,26,"(166183.44539549574, 86095.01923115551)","['No_Name', 'Mission St']"
205,197,259,"(166183.44539549574, 86095.01923115551)","['No_Name', 'Mission St']"
205,204,87,"(166183.44539549574, 86095.01923115551)","['No_Name', 'Mission St']"
205,211,89,"(166183.44539549574, 86095.01923115551)","['No_Name', 'Mission St']"
206,198,10,"(166842.79906366393, 86089.77711565793)","['S Van Ness Ave', 'Howard St']"
206,209,252,"(166842.79906366393, 86089.77711565793)","['S Van Ness Ave', 'Howard St']"
206,210,293,"(166842.79906366393, 86089.77711565793)","['S Van Ness Ave', 'Howard St']"
207,204,251,"(166086.24480249733, 86332.4134414047)","['Otis St', 'No_Name']"
207,211,305,"(166086.24480249733, 86332.4134414047)","['Otis St', 'No_Name']"
207,222,288,"(166086.24480249733, 86332.4134414047)","['Otis St', 'No_Name']"
208,197,383,"(166229.33277091384, 86322.99154423922)","['No_Name', 'Mission St']"
208,211,143,"(166229.33277091384, 86322.99154423922)","['No_Name', 'Mission St']"
208,220,69,"(166229.33277091384, 86322.99154423922)","['No_Name', 'Mission St']"
209,206,252,"(166773.0541244112, 86325.35768123716)","['S Van Ness Ave', 'BORDER']"
209,218,11,"(166773.0541244112, 86325.35768123716)","['S Van Ness Ave', 'BORDER']"
210,206,293,"(166917.85632824525, 86373.11152274162)","['Howard St', 'No_Name']"
210,218,239,"(166917.85632824525, 86373.11152274162)","['Howard St', 'No_Name']"
210,225,30,"(166917.85632824525, 86373.11152274162)","['Howard St', 'No_Name']"
211,205,89,"(166197.8702354133, 86183.14799190313)","['No_Name', 'Mission St']"
211,207,305,"(166197.8702354133, 86183.14799190313)","['No_Name', 'Mission St']"
211,208,143,"(166197.8702354133, 86183.14799190313)","['No_Name', 'Mission St']"
212,219,67,"(167050.25599782914, 86344.02595099062)","['No_Name', 'BORDER']"
212,225,134,"(167050.25599782914, 86344.02595099062)","['No_Name', 'BORDER']"
212,274,252,"(167050.25599782914, 86344.02595099062)","['No_Name', 'BORDER']"
213,189,36,"(165673.80304208025, 86177.522018902)","['Stevenson St', 'BORDER']"
213,214,442,"(165673.80304208025, 86177.522018902)","['Stevenson St', 'BORDER']"
214,213,442,"(165647.65414424613, 86619.22717224061)","['Stevenson St', 'McCoppin St']"
214,229,190,"(165647.65414424613, 86619.22717224061)","['Stevenson St', 'McCoppin St']"
214,231,214,"(165647.65414424613, 86619.22717224061)","['Stevenson St', 'McCoppin St']"
215,195,10,"(166794.4904332459, 86191.72244982421)","['S Van Ness Ave', 'BORDER']"
215,216,168,"(166794.4904332459, 86191.72244982421)","['S Van Ness Ave', 'BORDER']"
216,215,168,"(166721.88427924737, 86342.81926048547)","['S Van Ness Ave', 'Plum St']"
216,220,473,"(166721.88427924737, 86342.81926048547)","['S Van Ness Ave', 'Plum St']"
216,223,57,"(166721.88427924737, 86342.81926048547)","['S Van Ness Ave', 'Plum St']"
217,181,235,"(164992.68530982733, 86495.9547809884)","['Pearl St', 'BORDER']"
218,209,11,"(166771.02656941116, 86336.6457164064)","['No_Name', 'S Van Ness Ave']"
218,210,239,"(166771.02656941116, 86336.6457164064)","['No_Name', 'S Van Ness Ave']"
218,223,88,"(166771.02656941116, 86336.6457164064)","['No_Name', 'S Van Ness Ave']"
218,224,58,"(166771.02656941116, 86336.6457164064)","['No_Name', 'S Van Ness Ave']"
219,212,67,"(167080.58566157892, 86404.84964823723)","['No_Name', 'BORDER']"
219,228,141,"(167080.58566157892, 86404.84964823723)","['No_Name', 'BORDER']"
219,275,276,"(167080.58566157892, 86404.84964823723)","['No_Name', 'BORDER']"
220,208,69,"(166250.99086407945, 86388.54554698616)","['Mission St', 'Plum St']"
220,216,473,"(166250.99086407945, 86388.54554698616)","['Mission St', 'Plum St']"
220,276,566,"(166250.99086407945, 86388.54554698616)","['Mission St', 'Plum St']"
221,269,400,"(165216.0802042447, 86660.97741682082)","['No_Name', 'BORDER']"
222,207,288,"(166068.8097979948, 86620.81411132216)","['Otis St', 'Gough St']"
222,235,23,"(166068.8097979948, 86620.81411132216)","['Otis St', 'Gough St']"
222,236,127,"(166068.8097979948, 86620.81411132216)","['Otis St', 'Gough St']"
223,216,57,"(166709.14644382894, 86399.25812398642)","['No_Name', 'S Van Ness Ave']"
223,218,88,"(166709.14644382894, 86399.25812398642)","['No_Name', 'S Van Ness Ave']"
223,227,72,"(166709.14644382894, 86399.25812398642)","['No_Name', 'S Van Ness Ave']"
224,218,58,"(166760.31169582903, 86394.17775357515)","['S Van Ness Ave', 'No_Name']"
224,226,492,"(166760.31169582903, 86394.17775357515)","['S Van Ness Ave', 'No_Name']"
224,227,105,"(166760.31169582903, 86394.17775357515)","['S Van Ness Ave', 'No_Name']"
225,210,30,"(166928.5416743271, 86401.51894623786)","['No_Name', 'Howard St']"
225,212,134,"(166928.5416743271, 86401.51894623786)","['No_Name', 'Howard St']"
225,228,64,"(166928.5416743271, 86401.51894623786)","['No_Name', 'Howard St']"
226,224,492,"(166641.9244654104, 86872.62955257297)","['S Van Ness Ave', 'BORDER']"
227,223,72,"(166694.66911057755, 86470.62641957402)","['No_Name', 'S Van Ness Ave']"
227,224,105,"(166694.66911057755, 86470.62641957402)","['No_Name', 'S Van Ness Ave']"
227,233,457,"(166694.66911057755, 86470.62641957402)","['No_Name', 'S Van Ness Ave']"
228,219,141,"(166951.3562612459, 86461.97551824152)","['No_Name', 'Howard St']"
228,225,64,"(166951.3562612459, 86461.97551824152)","['No_Name', 'Howard St']"
228,232,211,"(166951.3562612459, 86461.97551824152)","['No_Name', 'Howard St']"
229,214,190,"(165837.8489738293, 86634.21533124149)","['Jessie St', 'McCoppin St']"
229,237,140,"(165837.8489738293, 86634.21533124149)","['Jessie St', 'McCoppin St']"
229,277,225,"(165837.8489738293, 86634.21533124149)","['Jessie St', 'McCoppin St']"
230,185,173,"(165403.69498649612, 86602.40371507406)","['Valencia St', 'McCoppin St']"
230,231,30,"(165403.69498649612, 86602.40371507406)","['Valencia St', 'McCoppin St']"
230,234,127,"(165403.69498649612, 86602.40371507406)","['Valencia St', 'McCoppin St']"
230,278,275,"(165403.69498649612, 86602.40371507406)","['Valencia St', 'McCoppin St']"
231,185,173,"(165433.7566061616, 86603.86926332116)","['Valencia St', 'McCoppin St']"
231,214,214,"(165433.7566061616, 86603.86926332116)","['Valencia St', 'McCoppin St']"
231,230,30,"(165433.7566061616, 86603.86926332116)","['Valencia St', 'McCoppin St']"
231,279,306,"(165433.7566061616, 86603.86926332116)","['Valencia St', 'McCoppin St']"
232,228,211,"(167044.0768763274, 86651.7300599888)","['Howard St', 'BORDER']"
233,227,457,"(166580.63095282763, 86913.39357865602)","['S Van Ness Ave', 'BORDER']"
234,230,127,"(165276.51184191182, 86595.44802032411)","['McCoppin St', 'BORDER']"
235,222,23,"(166053.77308266237, 86638.28848582506)","['Gough St', 'McCoppin St']"
235,237,76,"(166053.77308266237, 86638.28848582506)","['Gough St', 'McCoppin St']"
235,238,42,"(166053.77308266237, 86638.28848582506)","['Gough St', 'McCoppin St']"
236,222,127,"(166124.85168066248, 86730.07701615244)","['Otis St', 'BORDER']"
236,241,39,"(166124.85168066248, 86730.07701615244)","['Otis St', 'BORDER']"
236,242,176,"(166124.85168066248, 86730.07701615244)","['Otis St', 'BORDER']"
237,229,140,"(165978.03799791262, 86645.54765765369)","['McCoppin St', 'BORDER']"
237,235,76,"(165978.03799791262, 86645.54765765369)","['McCoppin St', 'BORDER']"
237,238,56,"(165978.03799791262, 86645.54765765369)","['McCoppin St', 'BORDER']"
238,235,42,"(166027.74721607938, 86672.51053024083)","['Gough St', 'McCoppin St', 'Otis St']"
238,237,56,"(166027.74721607938, 86672.51053024083)","['Gough St', 'McCoppin St', 'Otis St']"
238,239,179,"(166027.74721607938, 86672.51053024083)","['Gough St', 'McCoppin St', 'Otis St']"
238,240,30,"(166027.74721607938, 86672.51053024083)","['Gough St', 'McCoppin St', 'Otis St']"
239,238,179,"(165902.54569482803, 86801.01585065573)","['Gough St', 'BORDER']"
240,238,30,"(166054.3357455805, 86687.44882056862)","['Otis St', 'Gough St']"
240,241,42,"(166054.3357455805, 86687.44882056862)","['Otis St', 'Gough St']"
240,280,177,"(166054.3357455805, 86687.44882056862)","['Otis St', 'Gough St']"
241,236,39,"(166091.3281256631, 86708.58132424206)","['Otis St', 'Gough St']"
241,240,42,"(166091.3281256631, 86708.58132424206)","['Otis St', 'Gough St']"
241,280,210,"(166091.3281256631, 86708.58132424206)","['Otis St', 'Gough St']"
242,236,176,"(166249.68312391266, 86855.3845083192)","['Otis St', 'BORDER']"
243,0,577,"(165743.74614366144, 82423.89599598944)","['Valencia St', 'BORDER']"
244,0,241,"(165459.6840477474, 82981.32237457484)","['18th St', 'BORDER']"
245,1,578,"(165949.58267424628, 82437.06886990368)","['Lexington St', 'BORDER']"
246,2,582,"(166148.191200912, 82450.24108765274)","['San Carlos St', 'BORDER']"
247,3,584,"(166387.5624413304, 82465.61310415715)","['Mission St', 'BORDER']"
248,4,586,"(166700.65006974712, 82492.30071482062)","['Capp St', 'BORDER']"
249,5,588,"(167017.49786124378, 82512.43879790604)","['S Van Ness Ave', 'BORDER']"
250,6,285,"(165072.88199982792, 82951.71482224017)","['Guerrero St', 'BORDER']"
251,7,224,"(165356.4788735807, 82973.64489649236)","['Dearborn St', 'BORDER']"
252,7,135,"(165442.56170666218, 83203.44791457057)","['Bird St', 'BORDER']"
253,16,586,"(167603.55836891383, 83143.35748357326)","['Folsom St', 'BORDER']"
254,18,303,"(165026.54777491093, 83233.9173418209)","['Guerrero St', 'BORDER']"
255,18,625,"(164380.07137757912, 83485.73540773988)","['17th St', 'BORDER']"
256,36,256,"(167786.18300366402, 84119.34536098689)","['Enterprise St', 'BORDER']"
257,38,437,"(165832.95954791084, 83746.87563348562)","['Rondel Pl', 'BORDER']"
258,40,115,"(165107.84912149608, 84024.87114048749)","['Gaiser Ct', 'BORDER']"
259,44,259,"(164333.6689113304, 84070.18272965401)","['Dolores St', '16th St']"
259,45,501,"(164333.6689113304, 84070.18272965401)","['Dolores St', '16th St']"
260,80,130,"(168175.93616116047, 84678.10113324225)","['Treat Ave', 'BORDER']"
261,85,42,"(164243.90399899706, 84664.45122615248)","['15th St', 'BORDER']"
262,88,221,"(164476.24408549443, 84968.93880615383)","['Hidalgo Ter', 'BORDER']"
263,132,625,"(164207.81187957898, 85655.65593665838)","['Clinton Park', 'BORDER']"
264,151,1169,"(168599.5481748283, 85808.95517073572)","['US-101 SB', 'BORDER']"
265,152,86,"(167917.9291312471, 85814.87379407138)","['13th St', 'BORDER']"
266,154,223,"(167662.93882757798, 85906.17807340622)","['13th St', 'Isis St']"
266,167,108,"(167662.93882757798, 85906.17807340622)","['13th St', 'Isis St']"
266,169,364,"(167662.93882757798, 85906.17807340622)","['13th St', 'Isis St']"
267,162,234,"(164388.70784324408, 85891.30605590343)","['Duboce Ave', 'BORDER']"
268,162,214,"(164467.0233034119, 85973.2596321553)","['No_Name', 'BORDER']"
269,170,458,"(165428.0577986613, 86323.1083419025)","['No_Name', 'BORDER']"
269,221,400,"(165428.0577986613, 86323.1083419025)","['No_Name', 'BORDER']"
270,180,292,"(164835.7676446624, 86345.15390148759)","['No_Name', 'BORDER']"
271,181,103,"(164919.0401159115, 86260.69409665465)","['Pink Aly', 'BORDER']"
272,200,36,"(165992.9621806629, 86066.55504924059)","['Duboce Ave', 'BORDER']"
272,203,59,"(165992.9621806629, 86066.55504924059)","['Duboce Ave', 'BORDER']"
273,201,208,"(164761.49974858016, 86269.02642907202)","['Guerrero St', 'BORDER']"
274,212,252,"(167009.58613166213, 86095.2977739051)","['No_Name', 'BORDER']"
275,219,276,"(167334.13141432777, 86293.51128824055)","['No_Name', 'BORDER']"
276,220,566,"(166471.94809933007, 86909.7157644853)","['Mission St', 'BORDER']"
277,229,225,"(165853.52774824575, 86409.53992757201)","['Jessie St', 'BORDER']"
278,230,275,"(165387.42730249465, 86877.69581540674)","['Valencia St', 'BORDER']"
279,231,306,"(165419.7917390801, 86910.11471382529)","['Valencia St', 'BORDER']"
280,240,177,"(165927.97937099636, 86811.584070988)","['Gough St', 'BORDER']"
280,241,210,"(165927.97937099636, 86811.584070988)","['Gough St', 'BORDER']"
